"name_poly","Read1","Read2","fraction_of_unmatched","Peaks_A","Peaks_T","Peaks_G","Peaks_C"
"CL44_TR_1_x_181_0nt.fa_001","ERR418085_chmielewski_val_1.fq","ERR418085_chmielewskii_val_2.fq",0.0543573894062901,"143 97 93 71 61 19 16 ","122 102 70 64 60 ","39 129","14 155"
"CL44_TR_1_x_181_0nt.fa_002","ERR418086_chmielewskii_val_1.fq","ERR418086_chmielewskii_val_2.fq",0.0531442477322843,"143 97 93 71 61 19 ","155 122 102 70 64 60 ","39 129","14 155"
"CL44_TR_1_x_181_0nt.fa_003","ERR418089_cheesmaniae_val_1.fq","ERR418089_cheesmaniae_val_2.fq",0.0568885339786661,"146 143 96 93 71 61 19 16 11 6 ","155 122 102 70 64 22 ","39 127","14 155"
"CL44_TR_1_x_181_0nt.fa_004","ERR418090_neorickii_val_1.fq","ERR418090_neorickii_val_2.fq",0.0528503283217884,"143 97 71 61 19 ","155 122 102 70 64 ","39 112 152","14 155"
"CL44_TR_1_x_181_0nt.fa_005","ERR418091_neorickii_val_1.fq","ERR418091_neorickii_val_2.fq",0.0538366161751857,"143 97 96 71 61 19 ","122 102 70 64 17 ","39 112 152","14 155"
"CL44_TR_1_x_181_0nt.fa_006","ERR418092_arcanum_val_1.fq","ERR418092_arcanum_val_2.fq",0.0550162112470808,"169 143 126 71 61 19 16 ","155 122 102 70 64 22 ","39 162","14 155"
"CL44_TR_1_x_181_0nt.fa_007","ERR418093_arcanum_val_1.fq","ERR418093_arcanum_val_2.fq",0.0559773585906706,"143 126 97 93 71 61 19 16 ","122 102 70 64 60 ","39 112","14 155"
"CL44_TR_1_x_181_0nt.fa_008","ERR418121_galapagense_val_1.fq","ERR418121_galapagense_val_2.fq",0.0636784843246882,"146 143 136 103 96 93 71 61 49 19 16 6 ","145 135 122 102 95 70 64 24 22 ","39 162","14 155"
