"Sample","NormalizedValue"
"1","2.69792819547103"
"2","1.54785138382709"
