"1","1xOthers","a","axOthers"
-0.137429498743097,NA,NA,NA
NA,NA,0.993526017024897,NA
NA,0.338230798799731,NA,NA
NA,0.303446486645379,NA,NA
NA,-0.24919441872086,NA,NA
NA,-0.240363175809494,NA,NA
NA,NA,NA,0.338230798799731
NA,NA,NA,-0.24919441872086
NA,NA,NA,0.303446486645379
NA,NA,NA,-0.240363175809494
