"Sample","NormalizedValue"
"1","0.389285714285714"
"2","3.30357142857143"
