"name_poly","Read","fraction_of_unmatched","Peaks_A","Peaks_T","Peaks_G","Peaks_C"
"dmel_rDNA_ETS_Other_rDNA.fa_001","5M_mauG_R1.fq",0.0549493303829249,"795 766 692 670 654 644 614 613 607 571 519 459 422 387 377 269 253 168 123 121 76 73 52 33 ","774 765 756 755 714 713 660 641 607 577 551 517 504 454 421 394 378 377 331 287 209 59 55 44 ","52 371 608","76 712"
"dmel_rDNA_ETS_Other_rDNA.fa_002","5M_mauG_R2.fq",0.0562461440727144,"795 766 692 670 654 644 614 613 607 571 564 519 459 422 421 387 377 269 253 168 123 121 73 52 33 ","774 765 756 755 714 713 660 641 607 577 551 517 504 454 421 394 378 377 331 287 209 59 55 44 ","52 371 608","76 712"
