"name_poly","Read1","Read2","fraction_of_unmatched","Peaks_A","Peaks_T","Peaks_G","Peaks_C"
"CL6_TR_1_x_181_0nt.fa_001","ERR418085_chmielewski_val_1.fq","ERR418085_chmielewskii_val_2.fq",0.0489786949993975,"142 138 132 100 80 18 7 ","141 131 109 105 59 ","21 128","47 163"
"CL6_TR_1_x_181_0nt.fa_002","ERR418086_chmielewskii_val_1.fq","ERR418086_chmielewskii_val_2.fq",0.0470924216712884,"142 138 132 100 80 18 7 ","141 131 109 105 59 ","21 128","47 163"
"CL6_TR_1_x_181_0nt.fa_003","ERR418089_cheesmaniae_val_1.fq","ERR418089_cheesmaniae_val_2.fq",0.0494128242143083,"138 132 100 80 18 7 ","141 131 109 106 59 56 15 ","8 126","47 163"
"CL6_TR_1_x_181_0nt.fa_004","ERR418090_neorickii_val_1.fq","ERR418090_neorickii_val_2.fq",0.0467456117421347,"138 132 100 80 18 7 ","141 131 59 ","21 83 128","47 163"
"CL6_TR_1_x_181_0nt.fa_005","ERR418091_neorickii_val_1.fq","ERR418091_neorickii_val_2.fq",0.0488850778625762,"138 132 100 80 18 7 ","141 131 106 59 ","21 128","47 163"
"CL6_TR_1_x_181_0nt.fa_006","ERR418092_arcanum_val_1.fq","ERR418092_arcanum_val_2.fq",0.0488982472218575,"138 132 100 80 77 18 7 ","141 131 109 76 59 33 ","59 128","47 163"
"CL6_TR_1_x_181_0nt.fa_007","ERR418093_arcanum_val_1.fq","ERR418093_arcanum_val_2.fq",0.0520467217299697,"138 132 100 80 18 7 ","141 131 109 105 76 59 ","21 128","47 163"
"CL6_TR_1_x_181_0nt.fa_008","ERR418121_galapagense_val_1.fq","ERR418121_galapagense_val_2.fq",0.0611732758579764,"138 132 107 100 80 67 57 18 7 ","153 141 131 109 106 99 76 66 59 56 15 ","8 128","47 163"
