"groups","dmel_rDNA_EBS_Other_rDNA","dmel_rDNA_ETS_Other_rDNA"
"1",-0.137429498743097,-0.137429498743097
"1xOthers",0.0380299227286891,0.0380299227286891
"a",0.993526017024897,0.993526017024897
"axOthers",0.0380299227286891,0.0380299227286891
