"name_poly","Read","fraction_of_unmatched","Peaks_A","Peaks_T","Peaks_G","Peaks_C"
"dmel_rDNA_ETS_Other_rDNA.fa_001","500K_mauG_R1.fastq",0.0558858241902347,"795 766 692 670 654 644 614 613 607 571 564 519 459 422 387 377 269 253 168 123 121 73 33 ","765 756 755 714 713 660 641 577 551 517 504 454 421 394 378 287 209 59 55 44 ","52 371 608","76 712"
"dmel_rDNA_ETS_Other_rDNA.fa_002","500K_mauG_R2.fastq",0.0576556191490306,"766 692 670 654 644 614 613 607 571 564 519 459 422 387 377 371 269 253 168 123 121 76 73 33 ","765 756 755 714 713 660 641 577 551 517 504 454 421 394 378 377 331 287 209 59 55 44 28 ","52 371 608","76 712"
"dmel_rDNA_ETS_Other_rDNA.fa_003","5M_isoG_1.gz",0.00190531469237369,"","","85 94 105 111 116 188 216 239 244 272 302 307 321 361 372 383 393 397 414 466 486 487 495 502 521 572 579 615 692 704 707 709 714 716 720 728 731 781 785 790 797 821","17 44 54 55 78 431 497"
"dmel_rDNA_ETS_Other_rDNA.fa_004","5M_isoG_2.fq",0.00347874235639655,"","","17 47 216 267 465 474 541 553 569 602 615 616 634 635 812","104 350 720 723 724 737 753 755 767 806"
"dmel_rDNA_ETS_Other_rDNA.fa_005","5M_mauG_R1.fq",0.0549493303829249,"795 766 692 670 654 644 614 613 607 571 519 459 422 387 377 269 253 168 123 121 76 73 52 33 ","774 765 756 755 714 713 660 641 607 577 551 517 504 454 421 394 378 377 331 287 209 59 55 44 ","52 371 608","76 712"
"dmel_rDNA_ETS_Other_rDNA.fa_006","5M_mauG_R2.fq",0.0562461440727144,"795 766 692 670 654 644 614 613 607 571 564 519 459 422 421 387 377 269 253 168 123 121 73 52 33 ","774 765 756 755 714 713 660 641 607 577 551 517 504 454 421 394 378 377 331 287 209 59 55 44 ","52 371 608","76 712"
