"groups","dmel_rDNA_EBS_Other_rDNA","dmel_rDNA_ETS_Other_rDNA"
"A",-0.137429498743097,-0.137429498743097
"B",0.993526017024897,0.993526017024897
"AxOthers",0.0380299227286891,0.0380299227286891
"BxOthers",0.0380299227286891,0.0380299227286891
